<?xml version="1.0" encoding="UTF-8"?>

<mule xmlns:context="http://www.springframework.org/schema/context" xmlns:dw="http://www.mulesoft.org/schema/mule/ee/dw" xmlns:metadata="http://www.mulesoft.org/schema/mule/metadata" xmlns:file="http://www.mulesoft.org/schema/mule/file" xmlns:batch="http://www.mulesoft.org/schema/mule/batch" xmlns:http="http://www.mulesoft.org/schema/mule/http" xmlns="http://www.mulesoft.org/schema/mule/core" xmlns:doc="http://www.mulesoft.org/schema/mule/documentation"
	xmlns:spring="http://www.springframework.org/schema/beans" 
	xmlns:xsi="http://www.w3.org/2001/XMLSchema-instance"
	xsi:schemaLocation="http://www.springframework.org/schema/beans http://www.springframework.org/schema/beans/spring-beans-current.xsd
http://www.mulesoft.org/schema/mule/core http://www.mulesoft.org/schema/mule/core/current/mule.xsd
http://www.mulesoft.org/schema/mule/http http://www.mulesoft.org/schema/mule/http/current/mule-http.xsd
http://www.mulesoft.org/schema/mule/file http://www.mulesoft.org/schema/mule/file/current/mule-file.xsd
http://www.mulesoft.org/schema/mule/batch http://www.mulesoft.org/schema/mule/batch/current/mule-batch.xsd
http://www.mulesoft.org/schema/mule/ee/dw http://www.mulesoft.org/schema/mule/ee/dw/current/dw.xsd
http://www.springframework.org/schema/context http://www.springframework.org/schema/context/spring-context-current.xsd">
    <http:listener-config name="HTTP_Listener_Configuration" host="0.0.0.0" port="8484" basePath="/muletest" doc:name="HTTP Listener Configuration"/>
    <http:listener-config name="HTTP_Listener_Configuration1" host="0.0.0.0" port="8485" basePath="muletest2" doc:name="HTTP Listener Configuration"/>
    <flow name="exampleFlow">
        <http:listener config-ref="HTTP_Listener_Configuration" path="/*" allowedMethods="GET,POST,DELETE,PUT,HEAD" doc:name="HTTP"/>
        <logger message="#[message.payloadAs(String)]" level="INFO" doc:name="Logger"/>
        <set-payload value="{

&quot;received&quot;:&quot;success&quot;
}" doc:name="Set Payload"/>
        <message-properties-transformer doc:name="Message Properties">
            <add-message-property key="Content-Type" value="application/json"/>
        </message-properties-transformer>
    </flow>
    
</mule>
